0,AUS_CCUS,CAN_CCUS,DNK_CCUS,JPN_CCUS,MEX_CCUS,NZL_CCUS,NOR_CCUS,SWE_CCUS,CHE_CCUS,GBR_CCUS,BRA_CCUS,IND_CCUS,ZAF_CCUS,EA19_CCUS
1990-01,1.280209,1.171891,6.557209,145.177,2.702177,1.662705,6.541036,6.17099,1.515077,0.6054,6.194001e-06,16.965,2.55552,0.8319
1990-02,1.317616,1.196532,6.466,145.4628,2.733632,1.690174,6.470163,6.116978,1.488784,0.5895684,1.023938e-05,17.002,2.54415,0.8208
1990-03,1.323505,1.180804,6.526309,153.1924,2.763038,1.710655,6.588441,6.160573,1.511268,0.6156818,1.631524e-05,17.12,2.6139,0.8351
1990-04,1.30678,1.163865,6.437232,158.606,2.793042,1.72649,6.549521,6.117905,1.486805,0.6108105,2.072457e-05,17.28,2.65531,0.8251
1990-05,1.314114,1.174373,6.332838,153.2295,2.821841,1.743227,6.443505,6.052605,1.415924,0.5963272,2.260272e-05,17.32,2.64436,0.8114
1990-06,1.284219,1.172886,6.409853,153.7602,2.845643,1.716695,6.472995,6.089595,1.4252,0.5849905,2.471525e-05,17.431,2.66437,0.8177
1990-07,1.2638,1.1568,6.240877,149.2541,2.867114,1.690076,6.301341,5.948355,1.392577,0.5531273,2.878547e-05,17.416,2.62734,0.7927
1990-08,1.237222,1.145422,6.006022,147.5222,2.879152,1.63233,6.083809,5.777278,1.306432,0.5258435,3.10531e-05,17.377,2.574,0.7599
1990-09,1.212016,1.157926,5.99388,138.9179,2.892574,1.60989,6.073105,5.765305,1.307485,0.53234,3.269063e-05,17.869,2.57105,0.7617
1990-10,1.251045,1.159965,5.817465,129.763,2.912677,1.637114,5.917165,5.642317,1.281483,0.5138522,4.118299e-05,18.051,2.54397,0.7398
1990-11,1.294091,1.164023,5.698676,128.9338,2.932828,1.638623,5.806015,5.564886,1.257164,0.5089727,5.328624e-05,18.087,2.52394,0.724
1990-12,1.297326,1.160285,5.749983,133.7274,2.945311,1.677258,5.852183,5.613645,1.278117,0.5194474,6.689764e-05,18.124,2.52994,0.732
1991-01,1.283036,1.156268,5.8126,133.5926,2.9582,1.679982,5.903973,5.6357,1.272143,0.5168,8.360322e-05,18.329,2.5627,0.7367
1991-02,1.27716,1.154615,5.693255,130.5337,2.969347,1.661405,5.789375,5.53507,1.267825,0.509255,9.596569e-05,18.854,2.53897,0.7226
1991-03,1.29573,1.15711,6.152055,136.9463,2.980906,1.68362,6.253325,5.88004,1.38779,0.548125,9.95701e-05,19.244,2.65183,0.7818
1991-04,1.282577,1.154064,6.512838,136.981,2.992909,1.697796,6.6135,6.111357,1.4383,0.5708238,0.0001091296,19.937,2.73905,0.8267
1991-05,1.2925,1.149732,6.563605,138.0386,3.006909,1.705346,6.681453,6.1433,1.45396,0.5802546,0.0001181318,20.5772,2.79413,0.8339
1991-06,1.31611,1.143965,6.875095,139.7985,3.01918,1.73417,6.964895,6.43339,1.529165,0.60643,0.0001289091,21.064,2.86528,0.8687
1991-07,1.295032,1.149655,6.915726,138.0009,3.030978,1.763905,6.975448,6.470157,1.548535,0.6063348,0.0001423421,25.577,2.88014,0.8707
1991-08,1.277533,1.145119,6.751929,136.8532,3.045068,1.742362,6.818328,6.336043,1.52049,0.5943381,0.0001606736,25.814,2.87161,0.8503
1991-09,1.25812,1.137045,6.506014,134.5863,3.055825,1.725105,6.640953,6.176776,1.483905,0.5798238,0.0001856301,25.88,2.83607,0.8281
1991-10,1.261896,1.128178,6.532632,130.9041,3.068313,1.775874,6.622905,6.162468,1.479326,0.5805783,0.000252664,25.872,2.83102,0.8255
1991-11,1.271795,1.131119,6.309815,129.6405,3.070516,1.772545,6.380365,5.93866,1.435381,0.5621286,0.0003203964,25.886,2.79534,0.795
1991-12,1.296919,1.146909,6.088019,128.0795,3.071458,1.808767,6.1627,5.722614,1.3873,0.54784,0.0004145216,25.875,2.76964,0.7681
1992-01,1.337371,1.157305,6.121582,125.0509,3.067009,1.842929,6.199696,5.740759,1.401205,0.5524909,0.0005181704,25.917,2.78169,0.7706
1992-02,1.330042,1.182789,6.277075,127.5321,3.062255,1.845505,6.348615,5.877655,1.455675,0.562595,0.0006398953,25.934,2.81779,0.792
1992-03,1.318227,1.192795,6.445645,132.7505,3.067159,1.825991,6.51595,6.023913,1.508977,0.5801637,0.0007852399,25.89,2.881,0.8127
1992-04,1.312191,1.1878,6.385965,133.5891,3.070745,1.847381,6.4575,5.96523,1.51622,0.56945,0.0009506643,25.89,2.87717,0.8049
1992-05,1.323,1.199665,6.258237,130.6705,3.102495,1.868995,6.322463,5.836958,1.491374,0.5525381,0.001137553,25.89,2.84867,0.7886
1992-06,1.323409,1.196018,6.061225,126.905,3.119523,1.844509,6.15268,5.68174,1.423548,0.5390091,0.001363074,25.89,2.80721,0.7679
1992-07,1.342,1.190318,5.752322,125.6643,3.115391,1.830991,5.869848,5.402226,1.332855,0.5215174,0.0016571,25.89,2.75448,0.7298
1992-08,1.379986,1.191176,5.597905,126.3414,3.087405,1.850076,5.725324,5.285614,1.298409,0.51532,0.002021885,25.89,2.76348,0.7135
1992-09,1.383667,1.22249,5.614068,122.671,3.08899,1.847262,5.792709,5.356564,1.275023,0.5411864,0.002497646,25.89,2.79836,0.722
1992-10,1.398667,1.245295,5.715586,121.1364,3.12381,1.853843,6.043746,5.587086,1.314636,0.60395,0.003122273,25.89,2.8851,0.7552
1992-11,1.450181,1.268895,6.11485,123.819,3.117579,1.923005,6.47096,6.23275,1.429248,0.6542571,0.003915035,25.89,2.99555,0.8072
1992-12,1.4487,1.271986,6.11597,123.9452,3.117881,1.940005,6.67426,6.8858,1.422009,0.6442863,0.004827747,26.156,3.01367,0.8072
1993-01,1.4855,1.277835,6.235525,125.0174,3.10835,1.946275,6.875245,7.25939,1.478665,0.65255,0.006084142,26.2,3.06946,0.825
1993-02,1.464368,1.260563,6.304175,120.9695,3.097237,1.937611,6.980125,7.53596,1.5181,0.69538,0.007732695,26.2,3.12266,0.8453
1993-03,1.417632,1.247018,6.3259,117.0187,3.108,1.887191,7.005282,7.742183,1.518595,0.6838363,0.009723647,31.26,3.1786,0.8484
1993-04,1.405048,1.262181,6.124585,112.3743,3.09815,1.855595,6.77411,7.45291,1.457895,0.646865,0.01243253,31.307,3.167,0.8201
1993-05,1.430444,1.269572,6.170221,110.2058,3.124975,1.842089,6.795195,7.328953,1.448242,0.6460778,0.01602932,31.3256,3.175925,0.8212
1993-06,1.482636,1.279268,6.326281,107.2933,3.120795,1.8531,6.984809,7.430033,1.474814,0.6625818,0.02081824,31.403,3.242039,0.8443
1993-07,1.476055,1.282336,6.640991,107.7741,3.123204,1.823323,7.304477,7.96085,1.515364,0.6684363,0.0271653,31.37,3.349335,0.8784
1993-08,1.475636,1.308409,6.914345,103.7205,3.111636,1.811255,7.359718,8.052746,1.497432,0.6705227,0.03580612,31.373,3.36461,0.8824
1993-09,1.535318,1.321518,6.646159,105.2495,3.114,1.814782,7.080718,8.015945,1.418195,0.6553318,0.04811755,31.37047,3.40889,0.8482
1993-10,1.513829,1.325724,6.626576,106.944,3.115675,1.808705,7.165514,8.017676,1.440795,0.6646524,0.06544331,31.37,3.39272,0.8593
1993-11,1.505009,1.316941,6.766576,107.8455,3.15361,1.829373,7.386524,8.266143,1.497764,0.6753772,0.08906133,31.37,3.36507,0.8858
1993-12,1.484982,1.330991,6.704791,109.694,3.1079,1.798932,7.421219,8.362486,1.462439,0.6708524,0.1209051,31.37043,3.37659,0.8858
1994-01,1.437,1.317829,6.770462,111.5386,3.10731,1.776909,7.510081,8.125257,1.471138,0.669485,0.16914,31.37,3.40964,0.8975
1994-02,1.3966,1.342145,6.77485,106.1584,3.1215,1.741755,7.495535,7.98718,1.456035,0.676015,0.2383642,31.37,3.4497,0.8948
1994-03,1.407087,1.365296,6.631204,105.1214,3.30246,1.75177,7.346765,7.91573,1.429387,0.6699435,0.3324074,31.37261,3.45511,0.876
1994-04,1.39696,1.38226,6.658731,103.484,3.34661,1.75773,7.365042,7.885942,1.438568,0.6741,0.4801689,31.37055,3.58565,0.8773
1994-05,1.380182,1.3811,6.489305,103.9953,3.313,1.713536,7.1853,7.7179,1.41183,0.6652476,0.6861216,31.37,3.63256,0.8586
1994-06,1.364273,1.383336,6.389041,102.69,3.367973,1.691245,7.066691,7.808709,1.374214,0.6558455,0.835,31.37045,3.62973,0.8457
1994-07,1.37079,1.382067,6.171191,98.54285,3.402076,1.665867,6.853838,7.759648,1.323843,0.6469095,0.933,31.37047,3.66774,0.8185
1994-08,1.355109,1.378004,6.186213,99.85826,3.382561,1.661261,6.8624,7.739496,1.318059,0.6482869,0.899,31.37091,3.59791,0.818
1994-09,1.348667,1.353743,6.112064,98.793,3.399223,1.6586,6.802577,7.5294,1.290386,0.6389273,0.865,31.37045,3.55618,0.81
1994-10,1.355305,1.350143,5.953928,98.401,3.421429,1.646114,6.611509,7.257033,1.26579,0.6230714,0.846,31.37047,3.54042,0.7932
1994-11,1.324943,1.365119,6.022938,97.999,3.442932,1.610933,6.722648,7.343562,1.295141,0.6297591,0.842,31.39091,3.52486,0.8044
1994-12,1.291938,1.389857,6.1627,100.161,4.056057,1.569433,6.856162,7.518595,1.330406,0.6415952,0.85,31.38809,3.56008,0.8228
1995-01,1.309033,1.413115,6.032857,99.78684,5.593637,1.561971,6.701752,7.465419,1.288114,0.6353047,0.847,31.3735,3.53898,0.8034
1995-02,1.342945,1.39968,5.922215,98.2285,5.679,1.576225,6.59123,7.38247,1.27008,0.635855,0.841,31.37789,3.56015,0.79456
1995-03,1.36127,1.407226,5.62983,90.85591,6.748182,1.548665,6.273904,7.275152,1.171474,0.6246392,0.889,31.64956,3.59823,0.7595869
1995-04,1.359963,1.3758,5.436494,83.57675,6.184444,1.498116,6.199444,7.342256,1.136884,0.6223474,0.908,31.41421,3.60115,0.745621
1995-05,1.376364,1.360695,5.509572,85.26947,5.970714,1.497909,6.289981,7.29111,1.169033,0.6304905,0.897,31.41609,3.65873,0.7560428
1995-06,1.389109,1.377614,5.46644,84.505,6.211136,1.491891,6.2323,7.2553,1.156873,0.6270728,0.914,31.40182,3.6619,0.752215
1995-07,1.37296,1.36101,5.412167,87.25262,6.123048,1.485025,6.174176,7.179443,1.155357,0.6268048,0.929,31.37857,3.63974,0.743438
1995-08,1.348187,1.355517,5.602178,94.48717,6.205804,1.521657,6.339518,7.229717,1.198555,0.6381869,0.942,31.59,3.64232,0.7702682
1995-09,1.325195,1.35046,5.670157,100.4712,6.314975,1.523291,6.40229,7.1399,1.187362,0.6411762,0.953,33.2625,3.66203,0.7760143
1995-10,1.319845,1.346014,5.493218,100.7017,6.734591,1.516227,6.238709,6.830509,1.144527,0.6334091,0.96,34.561,3.65052,0.7563773
1995-11,1.340362,1.353229,5.48895,101.8708,7.618309,1.529138,6.247604,6.577923,1.143745,0.6399227,0.964,34.74715,3.64783,0.7553428
1995-12,1.34938,1.369525,5.580832,101.7787,7.672105,1.53734,6.355268,6.634226,1.16296,0.6491632,0.968,34.95263,3.66344,0.7665889
1996-01,1.347591,1.366904,5.653877,105.8187,7.479773,1.509691,6.417777,6.725418,1.180955,0.6537318,0.975,35.76619,3.64164,0.7742454
1996-02,1.321643,1.375686,5.671595,105.6803,7.51903,1.480471,6.404357,6.883681,1.195762,0.6505809,0.981,36.61105,3.74607,0.7760667
1996-03,1.29653,1.365662,5.707738,105.869,7.5666,1.467667,6.427828,6.734248,1.195671,0.6547047,0.9861,34.44524,3.92755,0.7804286
1996-04,1.271405,1.359655,5.806672,107.5092,7.4628,1.463476,6.492552,6.714438,1.2199,0.6599,0.9902,34.2395,4.21705,0.7907333
1996-05,1.253182,1.369214,5.91785,106.5708,7.434114,1.456345,6.585655,6.80109,1.25357,0.6599286,0.9953,34.988,4.3756,0.8022684
1996-06,1.26268,1.36534,5.88935,108.88,7.56165,1.477735,6.532035,6.68165,1.258015,0.648385,1.0013,34.98948,4.35225,0.797715
1996-07,1.262543,1.369226,5.802809,109.36,7.6205,1.450052,6.452922,6.6439,1.232252,0.6435174,1.0069,35.51857,4.39252,0.7873957
1996-08,1.274945,1.372141,5.731277,107.8123,7.512727,1.453586,6.412341,6.620346,1.202548,0.6451572,1.0134,35.6919,4.52471,0.7792682
1996-09,1.261948,1.36942,5.801109,109.7482,7.54465,1.434929,6.457724,6.639238,1.233143,0.641219,1.0193,35.731,4.49925,0.7886952
1996-10,1.262048,1.350404,5.857305,112.4073,7.730478,1.425535,6.481156,6.597857,1.258317,0.6304652,1.025,35.6425,4.57665,0.7943261
1996-11,1.253886,1.3386,5.8032,112.384,7.902,1.407529,6.355824,6.624538,1.274909,0.6014429,1.0304,35.73632,4.65457,0.7826524
1996-12,1.25439,1.363171,5.93621,113.7647,7.8742,1.416643,6.46805,6.81855,1.32854,0.600795,1.0373,35.83833,4.68433,0.799685
1997-01,1.285182,1.349018,6.114786,117.9887,7.827932,1.42375,6.449673,7.054423,1.392089,0.6027773,1.0429,35.87238,4.64152,0.8221709
1997-02,1.30192,1.35615,6.38281,123.0642,7.808527,1.445865,6.621645,7.398805,1.45506,0.6150885,1.0493,35.8885,4.45593,0.85744
1997-03,1.268476,1.37291,6.469048,122.6908,7.959722,1.4325,6.793828,7.648267,1.463586,0.6212,1.0567,35.87333,4.43522,0.8697714
1997-04,1.283459,1.394855,6.517724,125.5638,7.908341,1.444218,6.971214,7.673243,1.460882,0.6135273,1.0609,35.81905,4.44336,0.8735809
1997-05,1.29173,1.3803,6.4902,118.6615,7.901643,1.447015,7.062415,7.676395,1.43154,0.6122833,1.0683,35.81285,4.4674,0.870735
1997-06,1.326947,1.384195,6.5747,114.4395,7.949262,1.454995,7.215814,7.745148,1.441762,0.6070476,1.0746,35.81048,4.49967,0.8796619
1997-07,1.347435,1.377491,6.821856,115.2074,7.871261,1.511261,7.449509,7.813604,1.481126,0.5987695,1.0807,35.73609,4.55893,0.9053565
1997-08,1.35104,1.390953,7.018225,117.9536,7.786191,1.554665,7.6186,7.98902,1.500111,0.6235935,1.0879,35.926,4.68362,0.932475
1997-09,1.383333,1.386925,6.805852,120.7113,7.780263,1.571062,7.306571,7.696914,1.470814,0.6244864,1.0936,36.41524,4.69007,0.9095
1997-10,1.388026,1.387819,6.689478,121.1505,7.888196,1.573235,7.070196,7.574204,1.451787,0.6124305,1.1001,36.22955,4.71202,0.8903652
1997-11,1.439774,1.413711,6.592784,125.1053,8.278116,1.603321,7.058021,7.560184,1.411637,0.5920263,1.1073,37.15263,4.83827,0.8777579
1997-12,1.509085,1.425685,6.77143,129.4224,8.123328,1.688645,7.25031,7.785195,1.439815,0.602785,1.1136,39.22333,4.86953,0.89975
1998-01,1.523038,1.441961,6.917333,129.4042,8.22659,1.725209,7.497252,8.027362,1.475535,0.6106714,1.1199,39.3575,4.94193,0.9191667
1998-02,1.48416,1.43461,6.91657,125.9605,8.504085,1.71456,7.551195,8.07699,1.462265,0.609465,1.1271,38.91299,4.934,0.91875
1998-03,1.494105,1.41617,6.949591,128.7511,8.565655,1.747259,7.5838,7.9671,1.490564,0.60165,1.1337,39.50409,4.97482,0.9222546
1998-04,1.533855,1.429683,6.91903,131.88,8.498521,1.80666,7.53194,7.823015,1.503785,0.5978,1.1412,39.65429,5.04522,0.91654
1998-05,1.588015,1.445132,6.754945,134.9103,8.599884,1.858195,7.44482,7.68938,1.478125,0.6115667,1.1481,40.37191,5.09523,0.901815
1998-06,1.654495,1.466338,6.819032,140.4684,8.913786,1.951505,7.567741,7.904009,1.49439,0.6058046,1.1546,42.24773,5.38055,0.9118
1998-07,1.619191,1.487755,6.85063,140.5973,8.897121,1.929678,7.619678,7.990157,1.513604,0.6083565,1.1615,42.51044,6.22459,0.9148043
1998-08,1.697167,1.533463,6.809719,144.7895,9.372924,1.997514,7.701533,8.125547,1.493462,0.6122952,1.1717,42.7563,6.29395,0.9078238
1998-09,1.701909,1.520938,6.486391,134.4747,10.22888,1.986886,7.569055,7.873132,1.400814,0.5947318,1.1809,42.52091,6.11174,0.8668
1998-10,1.620677,1.543743,6.227386,121.3557,10.14875,1.917168,7.427991,7.840232,1.339227,0.5899773,1.1884,42.345,5.79407,0.8383182
1998-11,1.574314,1.53989,6.388524,120.5424,9.974537,1.874148,7.4445,7.987519,1.385448,0.6017095,1.1937,42.37714,5.65112,0.8584095
1998-12,1.616554,1.542238,6.352727,117.5997,9.909285,1.913518,7.603473,8.060495,1.358624,0.5985857,1.2054,42.55408,5.89219,0.8529909
1999-01,1.574645,1.518528,6.41234,113.1587,10.13725,1.8664,7.45473,7.82472,1.385782,0.60565,1.501115,42.508,5.9838,0.861526
1999-02,1.564095,1.497515,6.637125,116.6766,9.99625,1.839858,7.717995,7.947025,1.42743,0.6144,1.912883,42.46412,6.06771,0.8923798
1999-03,1.586022,1.517517,6.830478,119.735,9.730917,1.881861,7.812283,8.210022,1.465878,0.6165656,1.896,42.43667,6.20469,0.9186894
1999-04,1.55924,1.487219,6.943557,119.7405,9.4133,1.840255,7.772705,8.3234,1.497375,0.6209177,1.693268,42.726,6.12,0.9343411
1999-05,1.513076,1.46264,6.994605,122.1256,9.397074,1.811714,7.747238,8.437576,1.508381,0.6192561,1.682714,42.77095,6.18717,0.9409124
1999-06,1.524918,1.469186,7.161036,120.8411,9.50878,1.87825,7.865068,8.504064,1.537541,0.6270492,1.764619,43.13727,6.07893,0.9636387
1999-07,1.522186,1.489052,7.183843,119.8884,9.365682,1.900382,7.90345,8.441172,1.550623,0.6348031,1.799514,43.28637,6.10855,0.9662252
1999-08,1.547064,1.491071,7.016532,113.4207,9.387795,1.899609,7.78725,8.261696,1.508141,0.6225719,1.87995,43.46091,6.12855,0.9435675
1999-09,1.541864,1.476711,7.082841,107.4875,9.336177,1.914727,7.834182,8.213731,1.523652,0.6155421,1.8973,43.53818,6.05645,0.9509797
1999-10,1.534657,1.476982,6.942491,106.0145,9.552967,1.945176,7.73809,8.1429,1.489854,0.603285,1.96871,43.454,6.096,0.9339609
1999-11,1.565305,1.467423,7.199776,104.9258,9.397786,1.953762,7.927372,8.352752,1.555437,0.6172482,1.92909,43.39789,6.13641,0.968291
1999-12,1.562862,1.472603,7.354343,102.6417,9.411619,1.968781,8.002476,8.489063,1.582701,0.6197546,1.84203,43.48478,6.14555,0.9882431
2000-01,1.524095,1.448226,7.340665,105.2692,9.4881,1.94651,8.010625,8.476376,1.58927,0.609607,1.802924,43.5519,6.12439,0.9865997
2000-02,1.591476,1.450341,7.578262,109.3595,9.422714,2.040862,8.236167,8.637094,1.632115,0.624778,1.77449,43.61286,6.31876,1.015831
2000-03,1.641022,1.460354,7.715565,106.7557,9.288043,2.042426,8.407334,8.686342,1.662624,0.6323574,1.741233,43.58857,6.46369,1.036269
2000-04,1.67819,1.468305,7.866765,105.5827,9.3863,2.017565,8.610905,8.741604,1.662736,0.6322102,1.767368,43.639,6.6195,1.057507
2000-05,1.732226,1.494781,8.234131,108.1848,9.496478,2.134348,9.055891,9.07564,1.716086,0.6625916,1.827132,43.97045,7.03559,1.101908
2000-06,1.68195,1.476701,7.851341,106.3127,9.814363,2.127386,8.663373,8.742471,1.641629,0.6618938,1.807529,44.69095,6.91898,1.052984
2000-07,1.700233,1.478021,7.923433,107.9762,9.439667,2.171967,8.69779,8.949625,1.650596,0.662843,1.797024,44.7781,6.88326,1.065411
2000-08,1.722861,1.48226,8.245922,108.2435,9.267022,2.241048,8.954757,9.277094,1.714779,0.6717163,1.808439,45.69182,6.95412,1.105938
2000-09,1.80988,1.485195,8.56835,106.8595,9.34575,2.4001,9.2161,9.677245,1.757333,0.6975774,1.83839,45.889,7.1625,1.148397
2000-10,1.892814,1.511965,8.708173,108.4105,9.524045,2.497182,9.365041,9.985138,1.772732,0.6889694,1.878838,46.35381,7.47726,1.171642
2000-11,1.914686,1.542681,8.705895,108.8738,9.499591,2.508114,9.332273,10.06877,1.775482,0.7003114,1.94721,46.78227,7.67721,1.167818
2000-12,1.82877,1.522443,8.317835,112.1886,9.46475,2.32875,9.00999,9.609722,1.679938,0.681996,1.9625,46.75053,7.64268,1.110847
2001-01,1.802286,1.502799,7.951636,116.837,9.758955,2.253714,8.774482,9.465589,1.629067,0.676888,1.953709,46.54,7.78307,1.06511
2001-02,1.87127,1.523098,8.096085,116.1658,9.694025,2.30075,8.91131,9.743471,1.66765,0.6883679,2.001055,46.51889,7.81555,1.085381
2001-03,1.988259,1.558399,8.168332,120.9995,9.58925,2.3911,8.972245,10.05513,1.690793,0.6924992,2.08825,46.6205,7.87869,1.101014
2001-04,1.99723,1.558178,8.363835,123.78,9.335065,2.463,9.080955,10.18818,1.711453,0.6965414,2.191655,46.786,8.08213,1.118875
2001-05,1.922891,1.54103,8.527061,121.944,9.196635,2.373048,9.146569,10.35043,1.753264,0.7008084,2.296432,46.91727,7.97279,1.143492
2001-06,1.930524,1.524465,8.732724,122.2048,9.105357,2.413757,9.297052,10.79356,1.784314,0.7128755,2.375025,47.00526,8.05355,1.170882
2001-07,1.962741,1.529371,8.647819,124.669,9.155091,2.450632,9.260214,10.75409,1.756968,0.7065417,2.465223,47.14182,8.15002,1.160933
2001-08,1.909896,1.538896,8.275578,121.6239,9.174608,2.321635,8.945557,10.33193,1.679622,0.6953624,2.50983,47.12632,8.31388,1.108594
2001-09,1.97854,1.5667,8.16373,118.8737,9.390705,2.390555,8.76751,10.61123,1.634073,0.6825602,2.670863,47.646,8.63656,1.095831
2001-10,1.983152,1.57079,8.209026,121.3627,9.354892,2.416539,8.82686,10.58679,1.6337,0.6889161,2.739373,48.02048,9.2751,1.103849
2001-11,1.934559,1.590112,8.381864,122.3119,9.217728,2.403646,8.917082,10.60013,1.649618,0.69644,2.542265,47.99737,9.75383,1.125723
2001-12,1.943144,1.577009,8.332072,127.0333,9.158778,2.402139,8.960472,10.57999,1.652847,0.6936694,2.3619,47.91706,11.595,1.11989
2002-01,1.934264,1.599127,8.4105,132.8,9.161904,2.358036,8.961155,10.45872,1.67104,0.6984069,2.3771,48.33571,11.58786,1.132911
2002-02,1.950665,1.596282,8.539153,133.455,9.09853,2.390165,8.947155,10.54891,1.697046,0.7024484,2.4188,48.6915,11.4786,1.148526
2002-03,1.904281,1.586141,8.47727,131.24,9.064285,2.313205,8.812148,10.33058,1.674339,0.7024983,2.345845,48.73944,11.51097,1.140762
2002-04,1.867455,1.580814,8.386002,130.7727,9.16175,2.267318,8.61385,10.30525,1.652396,0.692691,2.3196,48.9195,11.05925,1.127686
2002-05,1.819409,1.550181,8.099285,126.3435,9.507404,2.171009,8.207022,10.04731,1.587071,0.6849979,2.4796,49.0,10.17727,1.08912
2002-06,1.758085,1.530951,7.772529,123.255,9.763475,2.04527,7.751465,9.526368,1.538639,0.6733756,2.713175,48.96111,10.12834,1.04543
2002-07,1.806322,1.545206,7.487496,118.0152,9.774422,2.077857,7.46957,9.344084,1.473584,0.6423698,2.933835,48.76391,10.13105,1.008349
2002-08,1.846595,1.568802,7.593829,118.9823,9.839519,2.156255,7.599341,9.45834,1.496876,0.6504718,3.109309,48.5866,10.5842,1.022467
2002-09,1.829824,1.574691,7.569669,120.8333,10.06634,2.123838,7.5006,9.344213,1.492155,0.6424258,3.341243,48.44412,10.59582,1.018931
2002-10,1.818774,1.577957,7.568747,123.9087,10.08494,2.078161,7.480696,9.274634,1.492119,0.6420597,3.80513,48.36944,10.3286,1.018558
2002-11,1.78311,1.571564,7.416673,121.4476,10.19007,2.014848,7.312129,9.060905,1.465342,0.6363967,3.5756,48.375,9.9585,0.9983914
2002-12,1.776779,1.558723,7.290153,122.006,10.21324,1.963895,7.171537,8.953186,1.44065,0.6303654,3.625119,48.1375,8.9485,0.9816506
2003-01,1.716545,1.539971,6.981575,118.8045,10.61849,1.852114,6.902463,8.630196,1.375052,0.6178942,3.437555,47.93,8.69182,0.9404094
2003-02,1.681355,1.511951,6.893579,119.425,10.93683,1.80551,6.99547,8.487381,1.360656,0.6220418,3.589955,47.73579,8.292,0.9275954
2003-03,1.661281,1.475213,6.883726,118.6524,10.92371,1.806981,7.262195,8.544216,1.361639,0.6317047,3.44609,47.64889,8.03775,0.9265309
2003-04,1.639968,1.457122,6.83098,119.8895,10.5858,1.813036,7.209605,8.42543,1.377339,0.6349015,3.1179,47.3775,7.72417,0.9199372
2003-05,1.544632,1.383135,6.417737,117.3773,10.26078,1.738973,6.809141,7.908185,1.309506,0.6163853,2.954943,47.08316,7.69211,0.864284
2003-06,1.505251,1.351734,6.363022,118.3391,10.50246,1.722988,6.998291,7.8102,1.319369,0.6022205,2.882405,46.7175,7.9025,0.8568761
2003-07,1.510709,1.379913,6.538695,118.6261,10.45259,1.705652,7.286878,8.087936,1.360099,0.6161653,2.879,46.22957,7.54783,0.8796626
2003-08,1.536481,1.394978,6.667378,118.7119,10.78133,1.719095,7.417347,8.283771,1.381548,0.6274934,3.0017,45.933,7.39667,0.8969281
2003-09,1.510805,1.363453,6.597623,114.95,10.92307,1.714573,7.300405,8.053205,1.37422,0.6198701,2.922,45.847,7.3105,0.8885195
2003-10,1.442526,1.322726,6.351034,109.5,11.16324,1.664887,7.035717,7.701574,1.323544,0.5959763,2.8607,45.387,6.95237,0.8546855
2003-11,1.39569,1.311939,6.348201,109.165,11.14032,1.59145,7.006745,7.675247,1.330705,0.5917171,2.913,45.522,6.72868,0.8534179
2003-12,1.353176,1.312159,6.050468,107.7952,11.24799,1.546914,6.706052,7.331335,1.264116,0.5709761,2.924454,45.588,6.50059,0.813112
2004-01,1.296619,1.296079,5.905225,106.2971,10.92436,1.48709,6.806148,7.244997,1.241377,0.5481566,2.851033,45.4557,6.97525,0.7927523
2004-02,1.28421,1.328604,5.897055,106.6485,11.02398,1.445935,6.93335,7.26587,1.245305,0.5353254,2.929511,45.2703,6.76675,0.7914268
2004-03,1.335509,1.327953,6.075328,108.513,11.01096,1.512443,6.967296,7.537523,1.277388,0.5470681,2.904656,45.018,6.64075,0.8155332
2004-04,1.343332,1.34114,6.204443,107.6218,11.26089,1.56,6.922,7.64444,1.297996,0.5541189,2.905185,43.9311,6.58779,0.8335187
2004-05,1.418324,1.377388,6.193214,112.0919,11.50179,1.621338,6.832181,7.600873,1.281644,0.5590531,3.099619,45.2508,6.826,0.8324215
2004-06,1.438114,1.358048,6.119906,109.4682,11.3783,1.589827,6.816677,7.527565,1.249726,0.546651,3.128348,45.5068,6.4185,0.8231778
2004-07,1.396409,1.32243,6.063382,109.4623,11.46532,1.548541,6.912354,7.502487,1.245652,0.5424119,3.035977,46.0416,6.12071,0.81545
2004-08,1.407209,1.312724,6.100228,110.2545,11.38947,1.5297,6.84045,7.537903,1.262378,0.5496809,3.0021,46.341,6.45778,0.8202851
2004-09,1.425632,1.287486,6.085358,110.0682,11.48737,1.519495,6.844982,7.430873,1.262315,0.5577997,2.890348,46.095,6.56406,0.8178968
2004-10,1.363976,1.247451,5.94753,108.7867,11.39608,1.464043,6.590847,7.242566,1.233334,0.5530846,2.852055,45.7826,6.36214,0.8010767
2004-11,1.298518,1.195883,5.717501,104.7045,11.367,1.429441,6.269763,6.924618,1.170395,0.5374727,2.78524,45.1251,6.08658,0.7693685
2004-12,1.303065,1.217943,5.541566,103.8461,11.19633,1.400308,6.135913,6.692234,1.145403,0.5181432,2.717361,43.9796,5.71,0.7454376
2005-01,1.305748,1.224799,5.675247,103.3619,11.25236,1.417752,6.254386,6.908662,1.180017,0.5323704,2.6922,43.7545,5.915,0.7628097
2005-02,1.28118,1.237882,5.713717,104.9895,11.13384,1.39865,6.38486,6.972962,1.189659,0.529457,2.597,43.6798,6.04429,0.7676513
2005-03,1.274161,1.21539,5.650571,105.277,11.11929,1.372026,6.212774,6.901379,1.176086,0.5253118,2.7039,43.6905,5.965,0.7588134
2005-04,1.294033,1.236641,5.756953,107.2548,11.11742,1.3888,6.317986,7.083859,1.195257,0.5273299,2.5784,43.7412,6.16206,0.7726796
2005-05,1.306068,1.253871,5.869993,106.6273,10.97155,1.391409,6.361246,7.248489,1.218302,0.5395473,2.452,43.4889,6.35133,0.7885121
2005-06,1.304018,1.240349,6.125151,108.7068,10.8233,1.412909,6.489418,7.627178,1.267249,0.5501502,2.4127,43.5836,6.74712,0.8225777
2005-07,1.33041,1.227232,6.190767,111.9562,10.68483,1.474138,6.579486,7.82405,1.293501,0.5708506,2.3727,43.5361,6.70533,0.8299361
2005-08,1.314235,1.204973,6.065333,110.6457,10.68085,1.438557,6.437152,7.59256,1.262594,0.5572113,2.35983,43.6245,6.455,0.8133932
2005-09,1.306854,1.177983,6.09141,111.1045,10.77318,1.430432,6.374673,7.620649,1.265622,0.5532638,2.2936,43.915,6.35143,0.8166935
2005-10,1.327524,1.178071,6.203321,114.8471,10.82893,1.432981,6.519476,7.838426,1.287347,0.5665064,2.25565,44.818,6.5925,0.8312797
2005-11,1.360918,1.181238,6.324425,118.4555,10.66206,1.450177,6.637105,8.112048,1.310056,0.5762612,2.21,45.7265,6.67645,0.8479041
2005-12,1.348318,1.162057,6.286224,118.3736,10.6285,1.442045,6.728318,7.956189,1.305572,0.5729763,2.2847,45.6411,6.34643,0.8431824
2006-01,1.332955,1.157086,6.157679,115.4777,10.55182,1.454136,6.633636,7.681051,1.278293,0.5661706,2.2731,44.397,6.09639,0.8252306
2006-02,1.3487,1.148959,6.252498,117.895,10.4855,1.4861,6.75285,7.825554,1.305687,0.5721713,2.1611,44.3289,6.10733,0.8375599
2006-03,1.376522,1.157322,6.202138,117.2878,10.7553,1.57813,6.633087,7.809403,1.304474,0.5732637,2.1512,44.481,6.22808,0.8311872
2006-04,1.35725,1.143848,6.076073,117.073,11.0514,1.6083,6.3904,7.592575,1.281996,0.565528,2.1285,44.9491,6.06231,0.8141954
2006-05,1.308783,1.109221,5.837796,111.7565,11.08822,1.583609,6.104826,7.30566,1.218446,0.5348312,2.1773,45.4073,6.31342,0.7829057
2006-06,1.352227,1.114093,5.888997,114.6677,11.39377,1.617045,6.207864,7.294141,1.232029,0.5425668,2.2475,46.0561,6.99639,0.789752
2006-07,1.329857,1.128942,5.87753,115.6619,10.98671,1.621048,6.261476,7.256852,1.236142,0.5420895,2.1885,46.4562,7.07788,0.7878321
2006-08,1.311,1.118673,5.824174,115.913,10.87452,1.576609,6.247783,7.188352,1.231849,0.5281659,2.1551,46.537,6.96029,0.7806007
2006-09,1.32381,1.116112,5.858846,117.1857,10.982,1.528095,6.496953,7.283998,1.244086,0.5303168,2.1679,46.1181,7.455,0.7853484
2006-10,1.326318,1.128187,5.907418,118.6777,10.8965,1.510818,6.660818,7.334972,1.259728,0.5329114,2.1475,45.4676,7.65975,0.7922798
2006-11,1.293909,1.136394,5.78443,117.285,10.91605,1.493909,6.396818,7.059768,1.235096,0.5229715,2.1571,44.8507,7.26147,0.7758054
2006-12,1.273571,1.152978,5.648552,117.3714,10.85576,1.441857,6.190857,6.847361,1.210625,0.5095984,2.14912,44.6351,7.04028,0.7576693
2007-01,1.277217,1.175373,5.733875,120.3739,10.94883,1.438826,6.364826,6.985764,1.242391,0.5104401,2.1377,44.3325,7.16694,0.769205
2007-02,1.27695,1.170706,5.696173,120.465,10.9944,1.4413,6.18255,7.020189,1.238435,0.5105614,2.0955,44.1583,7.17472,0.7641653
2007-03,1.261091,1.168685,5.622525,117.3041,11.11627,1.430636,6.138637,7.016694,1.217752,0.5134068,2.0879,44.026,7.34905,0.7547579
2007-04,1.209476,1.135077,5.516509,118.904,10.98067,1.361571,6.013952,6.838062,1.213048,0.5031434,2.0312,42.1482,7.10267,0.7401965
2007-05,1.212522,1.094773,5.515823,120.813,10.82348,1.36487,6.025348,6.818502,1.221712,0.504178,1.9808,40.7814,7.00222,0.7401587
2007-06,1.187524,1.066076,5.54689,122.6986,10.83852,1.321714,6.0,6.949899,1.232958,0.5032468,1.9311,40.7736,7.167,0.7450341
2007-07,1.152864,1.051215,5.424233,121.4791,10.80995,1.272136,5.784818,6.698247,1.207546,0.4916044,1.882,40.4139,6.9725,0.728968
2007-08,1.207087,1.058381,5.464695,116.6978,11.04709,1.380074,5.850956,6.846716,1.203327,0.4972451,1.9652,40.8212,7.23,0.7341982
2007-09,1.1818,1.02635,5.356159,115.0515,11.03135,1.39195,5.6288,6.670566,1.185143,0.4953651,1.8988,40.34,7.1175,0.7188495
2007-10,1.112913,0.9756386,5.238091,115.8974,10.82617,1.31713,5.406478,6.448731,1.174324,0.4891154,1.8002,39.5114,6.76091,0.7027786
2007-11,1.1165,0.9676305,5.074688,110.9205,10.88077,1.310818,5.409227,6.323325,1.122311,0.4826663,1.7691,39.4364,6.69472,0.6807399
2007-12,1.14625,1.001896,5.123403,112.4565,10.8462,1.30065,5.49585,6.476067,1.139514,0.4960046,1.7852,39.4395,6.80615,0.6867732
2008-01,1.134047,1.011576,5.063969,107.8859,10.91004,1.295632,5.408652,6.408722,1.101664,0.507551,1.7735,39.3737,7.0131,0.6796662
2008-02,1.096048,1.000219,5.05864,107.114,10.76862,1.255429,5.395095,6.352992,1.091375,0.5093919,1.7269,39.7326,7.66325,0.6786292
2008-03,1.084476,1.002992,4.802785,100.7067,10.73424,1.24998,5.148334,6.061495,1.011835,0.4997835,1.7068,40.3561,7.97056,0.6440976
2008-04,1.075955,1.016199,4.737751,102.6077,10.51514,1.268066,5.058455,5.951659,1.013775,0.504575,1.6881,40.0224,7.785,0.635093
2008-05,1.053182,0.9993182,4.796864,104.3473,10.44023,1.284994,5.060364,5.988818,1.044682,0.5085909,1.6597,42.125,7.621,0.6425455
2008-06,1.051857,1.016381,4.796048,106.9336,10.32814,1.313888,5.140143,6.031428,1.038,0.5089524,1.6181,42.8202,7.92,0.6429048
2008-07,1.039043,1.015,4.733652,106.8435,10.21717,1.325156,5.108174,6.001739,1.027783,0.5031739,1.5906,42.838,7.62568,0.6346087
2008-08,1.134524,1.053714,4.98681,109.3314,10.10867,1.409399,5.331714,6.281952,1.083524,0.5305714,1.6115,42.9374,7.6614,0.669
2008-09,1.222591,1.058682,5.197409,106.6445,10.64741,1.483253,5.686773,6.670136,1.109909,0.5565909,1.7988,45.5635,8.05714,0.6970454
2008-10,1.463435,1.180522,5.618087,100.0722,12.64387,1.649652,6.485174,7.434217,1.142913,0.5928261,2.1721,48.6555,9.7448,0.7533478
2008-11,1.5211,1.219,5.8489,96.86125,13.1082,1.77315,6.93735,7.96875,1.19075,0.65335,2.2655,49.0033,10.0985,0.7861
2008-12,1.49375,1.2371,5.54645,91.30975,13.4171,1.7971,7.0136,8.01335,1.14735,0.673,2.3936,48.6345,9.97425,0.74475
2009-01,1.4901,1.22805,5.65485,90.26975,13.91065,1.82715,6.9726,8.1434,1.13185,0.6919,2.306643,48.8338,9.8993,0.7583
2009-02,1.5381,1.24415,5.81665,92.8245,14.6087,1.938553,6.8647,8.5305,1.16285,0.69405,2.3119,49.2611,10.0063,0.78065
2009-03,1.503273,1.264136,5.712136,97.80454,14.641,1.880827,6.781909,8.568363,1.154864,0.7057727,2.329544,51.2287,10.471,0.7668636
2009-04,1.397818,1.224091,5.640727,98.90091,13.409,1.749068,6.652637,8.226318,1.147318,0.6796364,2.2051,50.0619,8.996333,0.7574091
2009-05,1.306476,1.150857,5.449381,96.53048,13.18757,1.663119,6.441095,7.742381,1.105857,0.6479524,2.072647,48.534,8.378612,0.7319524
2009-06,1.246577,1.126173,5.311346,96.62659,13.33205,1.566659,6.389577,7.765595,1.081046,0.6109318,1.957776,47.7714,8.04625,0.7135682
2009-07,1.24387,1.123217,5.284304,94.31348,13.3617,1.552674,6.355522,7.683696,1.07813,0.6106521,1.936153,48.4783,7.951295,0.7098261
2009-08,1.197333,1.087286,5.216143,94.88619,13.00762,1.478386,6.06881,7.155,1.067619,0.605,1.843724,48.335,7.935,0.701
2009-09,1.160273,1.081046,5.109137,91.34,13.40491,1.421518,5.901546,6.996864,1.039636,0.6129091,1.821375,48.43895,7.521191,0.6864545
2009-10,1.104273,1.054045,5.023773,90.30091,13.21986,1.35465,5.644091,6.955909,1.021818,0.6174545,1.7373,46.72105,7.483095,0.675
2009-11,1.087857,1.058762,4.988429,89.14381,13.10948,1.370971,5.642762,6.924143,1.012286,0.6028572,1.724177,46.569,7.517143,0.6702333
2009-12,1.109957,1.054696,5.106131,89.91739,12.8583,1.396544,5.765956,7.139087,1.029913,0.6166522,1.7468,46.63,7.478571,0.6863478
2010-01,1.096,1.042714,5.210238,91.12381,12.8181,1.375924,5.734619,7.141762,1.033429,0.6180952,1.77218,45.9598,7.4555,0.7001429
2010-02,1.1287,1.05655,5.4389,90.1115,12.9288,1.43437,5.91285,7.2586,1.07155,0.63985,1.84656,46.3279,7.66525,0.73085
2010-03,1.096478,1.023044,5.483217,90.70565,12.5707,1.421565,5.919478,7.162869,1.06613,0.6642174,1.786348,45.4965,7.411191,0.737
2010-04,1.080636,1.005455,5.554863,93.51455,12.24973,1.404559,5.923,7.209909,1.070318,0.6529091,1.758476,44.4995,7.352105,0.7465454
2010-05,1.151571,1.040238,5.918476,91.97,12.73824,1.436224,6.295048,7.700129,1.129619,0.6808095,1.802739,45.8115,7.651,0.7954286
2010-06,1.172,1.038091,6.091182,90.82954,12.717,1.446268,6.476818,7.832046,1.126045,0.6777727,1.807768,46.56454,7.633095,0.8189545
2010-07,1.141364,1.043455,5.826227,87.49577,12.8205,1.403823,6.274455,7.421591,1.053364,0.6542273,1.770524,46.8364,7.528572,0.7820455
2010-08,1.1115,1.040773,5.775591,85.37955,12.76864,1.400309,6.149455,7.303454,1.039045,0.6398636,1.759143,46.5671,7.299762,0.7754091
2010-09,1.065591,1.032864,5.687545,84.37228,12.803,1.370764,6.037864,7.039273,1.001227,0.6420454,1.720786,46.059,7.12625,0.7639091
2010-10,1.020095,1.019048,5.368857,81.80286,12.44405,1.330386,5.836762,6.682524,0.9694762,0.6306667,1.677071,44.4119,6.909211,0.72
2010-11,1.011955,1.012864,5.466546,82.55227,12.33477,1.295995,5.966682,6.827318,0.985,0.6270909,1.712176,45.0165,6.983052,0.7334545
2010-12,1.006217,1.007696,5.639435,83.27,12.38904,1.330639,5.975131,6.846826,0.9673043,0.642,1.69695,45.1591,6.839676,0.7567826
2011-01,1.003333,0.9938571,5.575953,82.57762,12.12366,1.306762,5.852524,6.667524,0.9563333,0.6335714,1.673379,45.3945,6.923122,0.7484095
2011-02,0.9914,0.9878,5.4574,82.5355,12.06545,1.312345,5.7263,6.4299,0.94945,0.62005,1.667847,45.4368,7.173047,0.73225
2011-03,0.9889565,0.9766957,5.320218,81.66,11.99796,1.348817,5.590435,6.347,0.9187391,0.6191739,1.658591,44.9895,6.918838,0.7135652
2011-04,0.9447143,0.9578095,5.156619,83.16524,11.70143,1.267257,5.398952,6.195619,0.8968095,0.6106667,1.592325,44.3681,6.737222,0.6917143
2011-05,0.9374545,0.9685,5.206273,81.08455,11.653,1.256214,5.475409,6.251727,0.8734091,0.6121818,1.612276,44.9048,6.867836,0.6984546
2011-06,0.9419546,0.9772273,5.176273,80.39591,11.80382,1.227177,5.436227,6.324818,0.8399546,0.6167727,1.587127,44.8518,6.7972,0.6941818
2011-07,0.9281428,0.9558095,5.219,79.32381,11.669,1.181838,5.447,6.387762,0.8224762,0.6191905,1.56362,44.4159,6.798615,0.7000476
2011-08,0.9524783,0.9816522,5.198278,76.95,12.231,1.193752,5.436956,6.398522,0.7801304,0.6114348,1.595665,45.2785,7.0684,0.6976522
2011-09,0.9786818,1.001818,5.412045,76.81773,13.05427,1.232168,5.620773,6.641,0.8728182,0.6337273,1.738195,47.638,7.5702,0.727
2011-10,0.9861429,1.020524,5.425238,76.65476,13.43848,1.273324,5.644095,6.641476,0.8960476,0.6347619,1.779784,49.2569,7.969003,0.7288572
2011-11,0.9892727,1.024636,5.483182,77.50182,13.69709,1.298764,5.735273,6.733046,0.9070455,0.6325455,1.774018,50.8433,8.133482,0.7371364
2011-12,0.9877273,1.023182,5.652637,77.81409,13.76968,1.298936,5.890954,6.851864,0.9333636,0.6416364,1.831117,52.6675,8.176621,0.7606364
2012-01,0.9613182,1.013045,5.761636,76.91591,13.40286,1.250464,5.946363,6.850591,0.9380909,0.6446818,1.791665,51.3461,8.006665,0.775
2012-02,0.9319524,0.9962857,5.614953,78.54857,12.77552,1.197486,5.707095,6.659,0.9117619,0.6328095,1.71965,49.1635,7.65891,0.7554762
2012-03,0.95,0.9934545,5.627636,82.44363,12.74282,1.219727,5.699273,6.730336,0.9128182,0.6320909,1.790177,50.323,7.610693,0.7571363
2012-04,0.9670476,0.9927619,5.651143,81.27428,13.05629,1.223405,5.749619,6.731381,0.9131429,0.6251429,1.850338,51.8029,7.833514,0.7599524
2012-05,1.002913,1.009913,5.810043,79.66478,13.62604,1.292274,5.917174,7.031,0.9388695,0.6286087,1.974995,54.4735,8.1533,0.7817826
2012-06,1.001809,1.027762,5.926476,79.30238,13.91376,1.281781,6.014905,7.071238,0.9576667,0.6431429,2.047771,56.0302,8.388947,0.7977143
2012-07,0.9712273,1.013864,6.055136,78.98227,13.35668,1.252295,6.065636,6.947273,0.9776818,0.6415455,2.029276,55.4948,8.24854,0.8140909
2012-08,0.9551305,0.9925652,6.001826,78.68435,13.178,1.234204,5.899913,6.674783,0.9681739,0.6361739,2.029996,55.5598,8.276118,0.8061739
2012-09,0.96175,0.9783,5.79055,78.148,12.9339,1.222275,5.7484,6.59965,0.93995,0.6207,2.028474,54.6055,8.274972,0.77715
2012-10,0.9713478,0.9864783,5.74613,78.97609,12.88922,1.219922,5.705131,6.638217,0.9321739,0.6219565,2.030615,53.0239,8.629027,0.7706087
2012-11,0.9612273,0.9968637,5.811318,81.025,13.06514,1.2211,5.716546,6.704409,0.9389545,0.6265454,2.06046,54.7758,8.794468,0.7792273
2012-12,0.9558572,0.9895715,5.682476,83.79762,12.86224,1.203848,5.609,6.589334,0.9204762,0.6195238,2.083405,54.6478,8.644468,0.7617619
2013-01,0.9524348,0.9917826,5.609783,89.03261,12.69817,1.195365,5.551304,6.481913,0.9235652,0.6261739,2.032565,54.3168,8.794973,0.752
2013-02,0.97045,1.01,5.5899,93.0715,12.71625,1.192615,5.5656,6.372,0.92115,0.6465,1.973611,53.7737,8.893113,0.74955
2013-03,0.967,1.024095,5.755571,94.79762,12.49833,1.206976,5.778857,6.444476,0.946381,0.6631905,1.981532,54.4046,9.192314,0.7720476
2013-04,0.9641818,1.018636,5.722909,97.73091,12.21318,1.180023,5.793545,6.486273,0.9364091,0.653,2.003114,54.3757,9.111082,0.7677727
2013-05,1.011095,1.020524,5.743429,101.021,12.31371,1.216064,5.822238,6.603619,0.9567143,0.6545714,2.029232,55.0108,9.369578,0.7707143
2013-06,1.060064,1.031325,5.65446,97.5115,12.9572,1.265842,5.869025,6.57223,0.93431,0.6461495,2.166294,58.3973,10.02537,0.758586
2013-07,1.090317,1.040265,5.7024,99.63478,12.76188,1.268444,6.028222,6.619974,0.9451913,0.6591865,2.246445,59.7754,9.904332,0.7646422
2013-08,1.106662,1.040477,5.603591,97.82455,12.92857,1.263776,5.964613,6.535218,0.9264182,0.6447964,2.338454,63.20884,10.09355,0.7510654
2013-09,1.07807,1.035224,5.587976,99.31095,13.07427,1.228842,5.973362,6.500976,0.924381,0.6304153,2.272535,63.7521,9.975829,0.7491162
2013-10,1.051287,1.036674,5.470909,97.75043,12.99666,1.198428,5.956152,6.411087,0.9027,0.6214021,2.194582,61.6156,9.914493,0.7330056
2013-11,1.071923,1.048967,5.527966,99.94286,13.07421,1.211723,6.081429,6.584357,0.9128143,0.621029,2.28879,62.633,10.20357,0.7413595
2013-12,1.11338,1.063541,5.44415,103.5482,13.00595,1.216563,6.1339,6.543941,0.8941636,0.6105332,2.345916,61.9103,10.38246,0.7297122
2014-01,1.128584,1.093487,5.479257,104.1687,13.21326,1.208426,6.164226,6.486191,0.9035,0.6070422,2.381565,62.076,10.89358,0.7340835
2014-02,1.115379,1.105675,5.46368,102.024,13.2786,1.20524,6.118475,6.497665,0.894215,0.603666,2.388111,62.254,10.98104,0.731746
2014-03,1.102526,1.110686,5.399886,102.2976,13.2025,1.171404,5.998076,6.413986,0.8811048,0.601629,2.328195,61.014,10.74583,0.7231647
2014-04,1.073287,1.099123,5.404382,102.5214,13.06177,1.162028,5.970041,6.543327,0.8825773,0.5970595,2.234791,60.35662,10.55013,0.7240891
2014-05,1.074239,1.088709,5.433918,101.8318,12.93016,1.162642,5.937541,6.572495,0.8879591,0.593645,2.220281,59.305,10.40979,0.7281082
2014-06,1.067671,1.082581,5.485781,102.0395,12.99335,1.160525,6.0447,6.680114,0.8960238,0.5915428,2.23486,59.7307,10.67119,0.7355753
2014-07,1.064749,1.073735,5.507535,101.7109,12.96664,1.151053,6.195457,6.816048,0.8969434,0.5858917,2.221541,60.0586,10.7041,0.738857
2014-08,1.074885,1.092214,5.598781,102.9457,13.14407,1.185212,6.197076,6.89901,0.9097952,0.5987067,2.269352,60.8952,10.66289,0.75092
2014-09,1.104138,1.100714,5.771241,107.2336,13.23839,1.22835,6.340918,7.123023,0.9353637,0.6133487,2.327243,60.8649,10.97778,0.7751895
2014-10,1.138408,1.12167,5.874856,108.0235,13.47961,1.270273,6.560287,7.237087,0.9526087,0.6223617,2.450419,61.342,11.0701,0.7890443
2014-11,1.156109,1.133365,5.96656,116.052,13.622,1.276544,6.808125,7.41347,0.96458,0.633745,2.546367,61.7042,11.10492,0.801368
2014-12,1.213355,1.15437,6.038857,119.3213,14.5353,1.288282,7.28773,7.636144,0.9758956,0.6397291,2.6327,62.75295,11.46053,0.8121961
2015-01,1.23606,1.209941,6.392468,118.4377,14.69686,1.308923,7.675405,8.087895,0.9421727,0.659525,2.633537,62.22593,11.5729,0.8599027
2015-02,1.283787,1.249695,6.564335,118.5925,14.91772,1.342016,7.594075,8.350395,0.935255,0.652182,2.804456,62.03761,11.58253,0.880563
2015-03,1.293643,1.261205,6.885114,120.3695,15.24283,1.340757,7.978791,8.530018,0.9798182,0.6687014,3.112635,62.44984,12.06818,0.9244727
2015-04,1.294662,1.234136,6.931173,119.5409,15.22827,1.317849,7.9147,8.648977,0.9620954,0.6685336,3.057968,62.75316,12.00578,0.9246855
2015-05,1.264913,1.2177,6.694314,120.6662,15.2665,1.355262,7.539557,8.335124,0.9315714,0.6471829,3.051779,63.80033,11.96833,0.8961172
2015-06,1.294995,1.235764,6.650932,123.6973,15.50472,1.43305,7.808187,8.267219,0.9318545,0.6424404,3.115505,63.86074,12.30105,0.8915578
2015-07,1.347436,1.2848,6.786291,123.3413,15.94103,1.503779,8.126922,8.522796,0.9530044,0.6426787,3.2147,63.63498,12.46014,0.9087826
2015-08,1.371162,1.314019,6.701305,123.171,16.54392,1.528037,8.242766,8.547838,0.9681286,0.6421291,3.502271,65.07233,12.92008,0.8983648
2015-09,1.417859,1.326641,6.649282,120.0345,16.85139,1.579125,8.295005,8.367246,0.9716,0.6524546,3.890924,66.21781,13.61306,0.8914286
2015-10,1.388679,1.306218,6.641077,119.9905,16.57883,1.494405,8.270027,8.322136,0.9681273,0.6519491,3.885567,65.05801,13.50954,0.8903236
2015-11,1.397775,1.327462,6.949728,122.4962,16.63821,1.525885,8.623285,8.675781,1.0087,0.65834,3.784839,66.1171,14.11518,0.93277
2015-12,1.379593,1.371704,6.858882,121.69,17.08014,1.481853,8.7031,8.496478,0.9957783,0.6678365,3.868673,66.59551,14.9904,0.9184513
2016-01,1.423036,1.420714,6.8694,118.2833,18.04938,1.530246,8.829862,8.526867,1.005405,0.694699,4.045726,67.25233,16.36503,0.9217671
2016-02,1.403029,1.379186,6.728428,114.9976,18.46209,1.508174,8.6212,8.471919,0.9930333,0.699621,3.96851,68.23766,15.76568,0.9017024
2016-03,1.336597,1.32117,6.715035,112.9704,17.62284,1.483468,8.48626,8.361965,0.9832913,0.7020652,3.721439,67.02185,15.38684,0.8985226
2016-04,1.30447,1.281762,6.5613,109.6548,17.46795,1.451496,8.221391,8.12042,0.9639619,0.6987543,3.569648,66.46953,14.62243,0.8818176
2016-05,1.36607,1.295077,6.573041,108.8536,18.08295,1.470817,8.225781,8.211341,0.9772273,0.6882673,3.530081,66.90673,15.37645,0.8846082
2016-06,1.352016,1.2887,6.623796,105.4332,18.5701,1.420072,8.308018,8.296346,0.9699818,0.7047323,3.441391,67.29687,15.08105,0.8902814
2016-07,1.328806,1.303962,6.721033,104.0586,18.52283,1.401995,8.464828,8.560576,0.9821,0.7609786,3.275795,67.20763,14.4095,0.9043114
2016-08,1.311563,1.299596,6.636926,101.2835,18.4191,1.381922,8.298113,8.471392,0.9703348,0.76343,3.209057,66.93964,13.76079,0.89225
2016-09,1.316802,1.309723,6.642432,101.9695,19.04943,1.368046,8.202969,8.533381,0.9743046,0.7609677,3.255771,66.73773,14.01824,0.8919187
2016-10,1.312955,1.325457,6.748548,103.8143,18.82845,1.39862,8.1642,8.797624,0.9867476,0.8113238,3.185245,66.74769,13.97332,0.9076771
2016-11,1.327318,1.344186,6.892377,108.2314,19.99669,1.400539,8.411632,9.112627,0.9958454,0.8044527,3.34143,67.62566,13.91747,0.9276705
2016-12,1.361386,1.335377,7.057082,116.0823,20.45695,1.422915,8.568455,9.212982,1.019264,0.8021409,3.351668,67.90044,13.83853,0.9488513
2017-01,1.343143,1.320645,7.005736,114.9755,21.27207,1.404106,8.479091,8.956914,1.008632,0.80989,3.195986,68.08037,13.54344,0.9407473
2017-02,1.304207,1.31089,6.98621,113.1205,20.2188,1.384395,8.32564,8.898645,1.001735,0.8006255,3.103589,67.07545,13.26423,0.939364
2017-03,1.3118,1.338348,6.959809,113.0317,19.2279,1.42771,8.509292,8.917769,1.00213,0.8099269,3.127331,65.87666,12.9393,0.9353174
2017-04,1.326313,1.34378,6.9454,110.073,18.75637,1.434942,8.580515,8.947525,1.000755,0.7912055,3.135572,64.50709,13.51284,0.9333455
2017-05,1.345316,1.36043,6.73387,112.2239,18.76033,1.438549,8.509178,8.784344,0.9868217,0.7734913,3.208704,64.42484,13.28518,0.9044722
2017-06,1.323251,1.329805,6.624409,110.8818,18.10983,1.382587,8.460591,8.686586,0.9685454,0.7805045,3.294767,64.44299,12.91721,0.8900082
2017-07,1.283702,1.270248,6.461252,112.5348,17.78123,1.360091,8.166871,8.332486,0.9606905,0.7696291,3.205538,64.45588,13.13388,0.8681657
2017-08,1.26299,1.260622,6.299952,109.8965,17.79016,1.369439,7.894309,8.083813,0.9649783,0.77206,3.150313,63.96838,13.23093,0.846647
2017-09,1.254451,1.228791,6.244853,110.6652,17.79284,1.378544,7.828967,7.999933,0.962181,0.7507309,3.13419,64.44095,13.13451,0.8394862
2017-10,1.283708,1.260209,6.331423,112.9414,18.73078,1.420725,7.994377,8.172468,0.9817227,0.7577791,3.190638,65.08128,13.67562,0.8506873
2017-11,1.311527,1.276495,6.340623,112.9005,18.87773,1.452065,8.185336,8.386619,0.9919091,0.7565368,3.258735,64.86261,14.07818,0.8517459
2017-12,1.308192,1.276943,6.287981,112.9519,19.13987,1.435664,8.317943,8.397266,0.9868571,0.7463928,3.29131,64.24232,13.1703,0.8452995
2018-01,1.259082,1.243252,6.108678,111.0861,18.89299,1.37752,7.922026,8.061569,0.9609478,0.7239287,3.209986,63.63689,12.20408,0.819927
2018-02,1.269179,1.25839,6.03029,107.9545,18.61147,1.368456,7.83272,8.032005,0.93405,0.716351,3.240906,64.37384,11.82197,0.810291
2018-03,1.288567,1.293,6.035418,106.0245,18.59596,1.378845,7.766595,8.23915,0.9470909,0.7157695,3.278614,65.02133,11.83557,0.8110341
2018-04,1.300204,1.273257,6.062186,107.5724,18.3221,1.380362,7.834152,8.441795,0.9675619,0.7102195,3.4069,65.63634,12.08405,0.8149529
2018-05,1.328595,1.287135,6.300918,109.74,19.47356,1.438825,8.097552,8.758578,0.9970348,0.7431856,3.635462,67.53936,12.52938,0.847137
2018-06,1.333716,1.31239,6.377586,110.0095,20.21735,1.44093,8.113419,8.800062,0.9895619,0.7526105,3.772571,67.79307,13.28549,0.8563634
2018-07,1.350335,1.313182,6.377323,111.4623,18.95361,1.473514,8.127636,8.822532,0.9946455,0.7594154,3.828136,68.69336,13.41446,0.8557927
2018-08,1.364773,1.303865,6.456465,111.0522,18.78905,1.499055,8.327004,9.062278,0.9888479,0.776437,3.929157,69.54651,14.08897,0.865863
2018-09,1.388393,1.303745,6.39745,111.9375,18.95896,1.515658,8.252345,8.95718,0.967935,0.765632,4.115947,72.21529,14.77974,0.857064
2018-10,1.406919,1.300635,6.496069,112.8517,19.11436,1.530672,8.254913,9.034913,0.9934869,0.7686204,3.757805,73.6323,14.4963,0.8707709
2018-11,1.380065,1.320064,6.5641,113.3382,20.18624,1.475546,8.469764,9.055595,1.001091,0.7752255,3.786015,71.85424,14.08659,0.8799523
2018-12,1.394031,1.344681,6.555976,112.2248,20.02231,1.468083,8.619761,9.019286,0.9925953,0.7895305,3.884405,70.73107,14.18052,0.8787457
2019-01,1.401055,1.331583,6.538748,109.1252,19.14484,1.47555,8.558,8.985635,0.9888608,0.7757278,3.741055,70.73287,13.86149,0.8757265
2019-02,1.399852,1.32086,6.574515,110.329,19.15143,1.463263,8.584815,9.24949,1.001565,0.7683075,3.723025,71.22177,13.79562,0.881373
2019-03,1.412295,1.336819,6.602638,111.2281,19.19449,1.463411,8.598424,9.288671,1.000652,0.7595824,3.845884,69.47865,14.38307,0.8852167
2019-04,1.404973,1.337791,6.637873,111.6273,18.93698,1.489419,8.552773,9.318527,1.006968,0.7673573,3.895557,69.42741,14.15436,0.8899982
2019-05,1.439158,1.345943,6.674196,110.0848,19.08361,1.524222,8.735013,9.599583,1.010896,0.7786369,4.000918,69.77312,14.43697,0.8938965
2019-06,1.440275,1.32873,6.613165,108.063,19.21239,1.515114,8.632465,9.410695,0.98904,0.788713,3.858226,69.43887,14.56647,0.8853465
2019-07,1.431291,1.310043,6.654961,108.2304,19.01641,1.497393,8.610048,9.40947,0.9873956,0.8021478,3.778713,68.8083,14.04656,0.8917004
2019-08,1.476359,1.327509,6.705232,106.3186,19.65246,1.554191,8.964754,9.644009,0.9792318,0.8226068,4.019382,71.1457,15.14229,0.8988809
2019-09,1.468933,1.324309,6.782676,107.4438,19.54335,1.576203,9.015452,9.716395,0.9905286,0.8094648,4.1209,71.33366,14.84852,0.9084157
2019-10,1.471978,1.319013,6.758309,108.1196,19.29837,1.578956,9.153,9.776257,0.9936522,0.7910961,4.086387,71.03944,14.90653,0.9046469
2019-11,1.464348,1.323805,6.761538,108.8019,19.28695,1.563542,9.147514,9.637357,0.9931,0.7761705,4.154725,71.4517,14.80356,0.905019
2019-12,1.453514,1.317036,6.726913,109.1786,19.07966,1.514962,9.030404,9.434527,0.9834773,0.7634959,4.108881,71.1926,14.43568,0.89996
2020-01,1.454661,1.308244,6.729852,109.3335,18.77574,1.513768,8.94713,9.496983,0.9700391,0.7646204,4.146777,71.31378,14.39717,0.9007326
2020-02,1.49859,1.3284,6.851725,110.0295,18.8019,1.564734,9.291965,9.6885,0.97611,0.771804,4.341839,71.48852,15.01531,0.916945
2020-03,1.609323,1.39525,6.754527,107.4923,22.14204,1.653786,10.22016,9.803855,0.9570273,0.8101496,4.883218,74.3507,16.61119,0.9058505
2020-04,1.590705,1.405677,6.869182,107.8064,24.10105,1.662743,10.42354,10.02414,0.9709818,0.8053545,5.324985,76.23649,18.576,0.91977
2020-05,1.536386,1.397562,6.843476,107.2243,23.3341,1.642758,10.08904,9.744081,0.9706333,0.8129914,5.64285,75.65988,18.14256,0.9169186
2020-06,1.45005,1.355032,6.625477,107.5859,22.17543,1.5514,9.533432,9.305109,0.9515727,0.7984986,5.195995,75.72684,17.13317,0.8881264
2020-07,1.423043,1.350413,6.4978,106.7517,22.33604,1.517287,9.296787,9.049813,0.9346652,0.7881561,5.279596,74.99339,16.77138,0.8716092
2020-08,1.388981,1.323071,6.295362,105.9862,22.13743,1.515425,8.945004,8.7148,0.9101095,0.7613324,5.460633,74.67192,17.2308,0.8453547
2020-09,1.381914,1.322177,6.311014,105.5595,21.54995,1.500634,9.140582,8.837296,0.9143773,0.7720068,5.398881,73.48174,16.71584,0.8485795
2020-10,1.402995,1.321114,6.320487,105.1986,21.21155,1.50642,9.275696,8.839823,0.9126773,0.77014,5.62519,73.45811,16.46134,0.8495964
2020-11,1.376791,1.306576,6.290176,104.3905,20.35438,1.455855,9.078053,8.648295,0.9108952,0.7570514,5.417235,74.21979,15.54867,0.8451195
2020-12,1.328943,1.281009,6.115005,103.7904,19.89076,1.410181,8.717078,8.364065,0.8888826,0.7445091,5.144946,73.59364,14.90584,0.8218965
2021-01,1.294495,1.272443,6.10949,103.6871,19.84059,1.390895,8.518124,8.287952,0.8863952,0.7334414,5.3556,73.1094,15.12546,0.8217238
2021-02,1.289795,1.26992,6.14729,105.3485,20.2357,1.380823,8.496865,8.333805,0.897285,0.7210915,5.415895,72.75646,14.75213,0.826744
2021-03,1.29697,1.257374,6.2498,108.6922,20.68165,1.402143,8.52757,8.541244,0.9294783,0.7215787,5.645548,72.7928,14.98668,0.8404639
2021-04,1.300759,1.249905,6.220209,109.0895,20.02527,1.403216,8.392255,8.508204,0.9235591,0.7223577,5.561535,74.47221,14.40787,0.8360318
2021-05,1.28879,1.212333,6.122376,109.0814,19.91764,1.383526,8.301252,8.349481,0.9026428,0.7097371,5.290448,73.26774,14.06021,0.8229414
2021-06,1.307368,1.221864,6.173473,110.0782,19.94855,1.407643,8.421954,8.394028,0.9079182,0.7131137,5.031305,73.55826,13.91672,0.8300123
2021-07,1.346964,1.252268,6.291214,110.2309,19.92552,1.432826,8.777891,8.6278,0.9180455,0.7242691,5.156027,74.52697,14.53294,0.8456845
2021-08,1.369168,1.259677,6.317677,109.8073,20.02157,1.433421,8.851563,8.677695,0.9142364,0.7248005,5.251123,74.18459,14.78898,0.8498136
2021-09,1.365836,1.266745,6.317909,110.1464,20.00173,1.417695,8.654127,8.638827,0.9223545,0.7282555,5.27909,73.56341,14.53233,0.8496259
2021-10,1.352767,1.2439,6.412843,113.0833,20.45407,1.417002,8.459747,8.672719,0.9235857,0.7301762,5.539375,74.91528,14.85871,0.8620081
2021-11,1.367691,1.256445,6.516805,114.015,20.79525,1.426514,8.733673,8.801168,0.9218773,0.7437059,5.55626,74.49651,15.51256,0.8767496
2021-12,1.397209,1.279578,6.578561,113.9235,20.83254,1.472721,8.962948,9.09043,0.9209348,0.7511087,5.650604,75.37252,15.86954,0.8848417
2022-01,1.392743,1.261848,6.576943,114.891,20.45195,1.483191,8.844981,9.134967,0.9187,0.7376738,5.533505,74.4416,15.49117,0.8833867
2022-02,1.397155,1.271675,6.560795,115.1535,20.4118,1.497691,8.865125,9.29104,0.922685,0.7386975,5.195979,75.00313,15.21338,0.881508
2022-03,1.357357,1.265787,6.7526,118.5474,20.49295,1.456023,8.836652,9.571517,0.9297,0.7591213,4.967782,76.24447,14.9786,0.9073148
2022-04,1.351738,1.262671,6.878281,126.3362,20.01257,1.480599,8.896714,9.531191,0.9430905,0.7737271,4.757416,76.16783,14.95381,0.9258667
2022-05,1.418296,1.285123,7.036755,128.8645,19.97522,1.56232,9.599669,9.925323,0.9794636,0.8034723,4.95445,77.31927,15.90106,0.9453386
2022-06,1.422005,1.281364,7.041491,133.8418,19.95293,1.575488,9.748646,10.01667,0.9691318,0.8120432,5.04861,78.07458,15.77125,0.9465078
2022-07,1.459024,1.293962,7.312657,136.7924,20.47002,1.614011,10.00424,10.38347,0.9695619,0.8340634,5.367476,79.60155,16.8427,0.9822438
2022-08,1.436478,1.291744,7.345987,135.25,20.07446,1.595957,9.706826,10.37685,0.9569783,0.8345848,5.140488,79.55505,16.68452,0.9870731
2022-09,1.496155,1.332723,7.510832,143.2168,20.01561,1.688474,10.27347,10.88084,0.9729409,0.883185,5.236357,80.23155,17.5498,1.01043
2022-10,1.570795,1.37001,7.571671,147.0405,19.95526,1.756963,10.5775,11.12899,0.9956667,0.8843591,5.249695,82.34012,18.12261,1.016271
2022-11,1.517227,1.344536,7.295255,142.3759,19.42907,1.647868,10.13552,10.67112,0.9659091,0.8518927,5.274055,81.81052,17.47961,0.9800927
2022-12,1.482591,1.359291,7.023195,134.8295,19.54255,1.574961,9.86565,10.38042,0.9320545,0.8218241,5.241832,82.46421,17.28172,0.9445572
2023-01,1.439632,1.342723,6.907946,130.6164,18.94156,1.563497,9.950573,10.37999,0.9234955,0.8182718,5.197395,81.88899,17.09266,0.9285232
